censored_words,language
arse,en
arsehole,en
as useful as tits on a bull,en
balls,en
bastard,en
beaver,en
beef curtains,en
bellend,en
bent,en
berk,en
bint,en
bitch,en
blighter,en
blimey,en
blimey o'reilly,en
bloodclaat,en
bloody,en
bloody hell,en
blooming,en
bollocks,en
bonk,en
bugger,en
bugger me,en
bugger off,en
built like a brick shit-house,en
bukkake,en
bullshit,en
cack,en
cad,en
chav,en
cheese eating surrender monkey,en
choad,en
chuffer,en
clunge,en
cobblers,en
cock,en
cock cheese,en
cock jockey,en
cock-up,en
cocksucker,en
cockwomble,en
codger,en
cor blimey,en
corey,en
crap,en
crikey,en
cunt,en
daft,en
daft cow,en
damn,en
dick,en
dickhead,en
did he bollocks!,en
did i fuck as like!,en
dildo,en
dodgy,en
duffer,en
fanny,en
feck,en
flaps,en
fuck,en
fuck me sideways!,en
fucking cunt,en
fucktard,en
gash,en
ginger,en
git,en
gob shite,en
goddam,en
gorblimey,en
gordon bennett,en
gormless,en
he’s a knob,en
hell,en
hobknocker,en
I'd rather snort my own cum,en
jesus christ,en
jizz,en
knob,en
knobber,en
knobend,en
knobhead,en
ligger,en
like fucking a dying man's handshake,en
mad as a hatter,en
manky,en
minge,en
minger,en
minging,en
motherfucker,en
munter,en
muppet,en
naff,en
nitwit,en
nonce,en
numpty,en
nutter,en
off their rocker,en
penguin,en
pillock,en
pish,en
piss off,en
piss-flaps,en
pissed,en
pissed off,en
play the five-fingered flute,en
plonker,en
ponce,en
poof,en
pouf,en
poxy,en
prat,en
prick,en
prick,en
prickteaser,en
punani,en
punny,en
pussy,en
randy,en
rapey,en
rat arsed,en
rotter,en
rubbish,en
scrubber,en
shag,en
sex,en
shit,en
shite,en
shitfaced,en
skank,en
slag,en
slapper,en
slut,en
snatch,en
sod,en
sod-off,en
son of a bitch,en
spunk,en
stick it up your arse!,en
swine,en
taking the piss,en
tits,en
toff,en
tosser,en
trollop,en
tuss,en
twat,en
twonk,en
u fukin wanker,en
wally,en
wanker,en
wankstain,en
wazzack,en
69,en
doggystyle,en
blowjob,en
abruti,fr
aller se faire foutre,fr
"allez, va t’en",fr
amène ta mère pourque je te refasse,fr
avale mes couilles,fr
bachie coupe,fr
baise,fr
baise moi mor,fr
baise toi,fr
baiser,fr
bander,fr
batard,fr
bigornette,fr
bique,fr
bise,fr
bite,fr
bitte,fr
bloblos,fr
bon sang,fr
bordel,fr
bordel de merde,fr
bosser,fr
bourré,fr
bourrée,fr
brackmard,fr
branlage,fr
branler,fr
branlette,fr
branleur,fr
branleur de chiens morts,fr
branleuse,fr
brouter le cresson,fr
broutte-minou,fr
brûle en enfer,fr
brûle en l'enfer,fr
c'est des conneries,fr
c’est chiant,fr
c’est des conneries,fr
c’est le bordel ici,fr
c’est naze,fr
c’est quoi ce bordel,fr
c’est vraiment de ta faute,fr
ça casse les couilles,fr
ça craint,fr
ça fait shier,fr
ça m'emmerde,fr
ça me casse les couilles,fr
ça me fait chier,fr
ça me saoûle,fr
ça pue,fr
ça schlingue,fr
caca,fr
cailler,fr
calice,fr
calisse,fr
casse-couille,fr
casse-couilles,fr
casse-toi,fr
"casse-toi, idiot",fr
"casse-toi, idiote",fr
casser les couilles,fr
cave,fr
ce putain d’embouteillage,fr
ce putain d’ordinateur,fr
cela me soûle,fr
charogne,fr
chatte,fr
chiant,fr
chiante,fr
chiasse,fr
chien sale,fr
chienne,fr
chier,fr
chieur,fr
chieuse,fr
chiottes,fr
choleque de merde,fr
clito,fr
clitoris,fr
con,fr
conasse,fr
connard,fr
connasse,fr
conne,fr
connerie,fr
conneries,fr
couille,fr
couilles,fr
couillon,fr
couillonne,fr
cramouille,fr
crétin,fr
crève la gueule ouverte,fr
criss,fr
crisse,fr
crosseur,fr
cul,fr
debile,fr
déconne,fr
déconner,fr
dégage,fr
dégénéré,fr
dégueulasse,fr
dinde,fr
drague,fr
emmerdant,fr
emmerder,fr
emmerdeur,fr
emmerdeuse,fr
enculé,fr
enculé de ta mère,fr
enculé toi salaud,fr
enculée,fr
enculer,fr
enculer les mouches,fr
enculer une mouche,fr
enculeur,fr
enculeurs,fr
enfoiré,fr
enfoirée,fr
étron,fr
face de cul,fr
faire enculer,fr
faire foutre,fr
fais chier,fr
fait moi jouir,fr
ferme ta gueule,fr
fiche moi le paix,fr
fif,fr
fille de pute,fr
film de cul,fr
fils de pute,fr
fils de salope,fr
folle,fr
fous le camps,fr
fous le camps et morte,fr
foutre,fr
foutre la merde,fr
foutre le bordel,fr
framble,fr
fucker,fr
garage à bite,fr
garce,fr
gerbe,fr
gerber,fr
gouine,fr
graine,fr
grande folle,fr
grogniasse,fr
gros tas,fr
gross cul,fr
guenon,fr
gueule,fr
idiot,fr
idiote,fr
il est stupide,fr
"il fait chaud ici, enculé",fr
il me fait chier,fr
imbécile,fr
j'en ai marre,fr
j'en ai plus rien à foutre,fr
j'en ai ral le bol,fr
j'en ai ral le cul,fr
j'en ai rien à cirer,fr
j'en ai rien à foutre,fr
j’ai baisé ta mère,fr
j’ai envie de chier,fr
j’en ai marre,fr
j’en ai plus rien à foutre,fr
j’en ai ral le bol,fr
j’en ai ral le cul,fr
j’en ai ras le bol,fr
j’en ai rien à cirer,fr
je m'en fiche,fr
je m'en fou,fr
je m'en fous,fr
je m'en sacre,fr
je m’emmerde,fr
Je m’en bats les couilles,fr
je m’en fiche,fr
je m’en fou,fr
je m’en fous,fr
je me fais chier,fr
je me fais chier ici,fr
je pis dans ta bouche,fr
je t'emmerde,fr
je t'encule,fr
je te déteste,fr
je te nique ta race sale fils de chien,fr
je veux faire l’amour avec toi,fr
jouir,fr
la chatte,fr
la meme chose a toi,fr
la putain de ta mère,fr
la vache,fr
laisse-moi tranquille,fr
le con,fr
lèche-cul,fr
ma couille,fr
mal baisée,fr
mance,fr
mange de la merde,fr
mange ma bite,fr
mange merde et morte,fr
mange tes grands morts,fr
maudit,fr
ménage à trois,fr
merdasse,fr
merde,fr
merde embulante,fr
merdeuse,fr
merdeux,fr
mes couilles en toi,fr
metteux,fr
meuf,fr
mince,fr
mon dieu,fr
morceau de merde,fr
nana,fr
ne rien foutre,fr
nègre,fr
negro,fr
nique la police,fr
nique ta mere,fr
nique ta mère,fr
nique ta mère espèce de gros bâtard de merde,fr
nique ta mère la chauve,fr
nique ta race,fr
niquer,fr
nom de dieu,fr
nom de dieu de merde,fr
noune,fr
oh la vache,fr
oh putain de merde,fr
"oh, merde",fr
ordure,fr
osti,fr
osti de calisse de tabarnak,fr
ostie,fr
palucher,fr
partir en couille,fr
pauvre con,fr
pédale,fr
pédé,fr
pétasse,fr
péter,fr
péter la cenne,fr
péter les couilles,fr
petit tabernac,fr
petite pute,fr
pipi,fr
pisser,fr
pisser dans,fr
plotte,fr
pouffe,fr
pouffiasse,fr
poupée,fr
pousse-crotte,fr
punaise,fr
purée,fr
putain,fr
putain de bordel de merde,fr
putain de merde,fr
putain de temps,fr
putain t’es moche,fr
pute,fr
qu’est-ce que tu branles,fr
quel bordel,fr
quel salaud,fr
queue,fr
queutard,fr
ramoner,fr
retourne enculer,fr
rien à branler,fr
rien à foutre,fr
s’en branler,fr
s’en foutre,fr
sa mère,fr
sa mère la pute,fr
sa race,fr
sac à foutre,fr
sac à merde,fr
sac merde,fr
sac vin,fr
sacrament,fr
sacrebleu,fr
salaud,fr
salopard,fr
salope,fr
saloperie,fr
se foutre dans la merde,fr
se taire,fr
stupide,fr
suce,fr
suceuse,fr
t'as pas de couilles,fr
t'es rien qu'un petit connard,fr
t'es un salaud,fr
t’as intérêt ne pas m’énervé,fr
t’as pas de couilles,fr
t’es débile,fr
t’es rien qu’un petit connard,fr
t’es un salaud,fr
"t’es vraiment emmerdant, toi",fr
ta gueule,fr
ta mère elle suce des ours,fr
ta mere est francaise,fr
ta mère est une pute,fr
ta mère la pute,fr
ta mere suce des bites en enfer,fr
tabarnak,fr
tais-toi,fr
tanche,fr
tantouze,fr
tapette,fr
tarte,fr
tas de marde,fr
tata,fr
tête de nœud,fr
tête moi le dard,fr
tête moi le noeud,fr
téteux,fr
teuch,fr
teuf,fr
traînée,fr
très stupide,fr
tringler,fr
trique,fr
troncher,fr
trou de cul,fr
trou du cul,fr
tu commence m’enmerder,fr
tu es con,fr
tu es très stupide,fr
tu es un putain,fr
tu et un ane,fr
tu fais chier,fr
tu m'emmerdes,fr
tu me fais chier,fr
tu me fatigues,fr
tu me gonfles,fr
turlute,fr
une salope,fr
va te branler,fr
va te crosser,fr
va te faire,fr
va te faire baiser,fr
va te faire enculer,fr
va te faire foutre,fr
va te faire mettre,fr
va te faire voir,fr
va te tripoter,fr
vache,fr
vas faire foutre a la vache,fr
veuve,fr
vous êtes stupide,fr
vous sentez comme le boeuf et le fromage,fr
vous vissez,fr
zigounette,fr
zizi,fr
zut,fr
zut alors,fr
abschaum,ge
affenschwanz,ge
ah du schwein,ge
alter muschi,ge
alter wichser,ge
am blitz geleckt haben,ge
analritter,ge
arsch,ge
arschficker,ge
arschfotze,ge
arschgeige,ge
arschgesicht,ge
arschkeks,ge
arschkriecher,ge
arschlecker,ge
arschloch,ge
auberfeiger,ge
aufgeilen,ge
backpfeifengesicht,ge
bastard,ge
bimbo,ge
blöde gans,ge
blöde stinkpot,ge
blödmann,ge
blödsinn,ge
bloede kuh,ge
blutige sau,ge
blvde fotze,ge
bonze,ge
bratze,ge
bruchbude,ge
bumsen,ge
das arschloch,ge
das ist mir scheißegal,ge
das miststück,ge
das schwein,ge
depp,ge
der dreckskerl,ge
der fotzenlecker,ge
der mist,ge
der mistkerl,ge
der wichser,ge
die drecksau,ge
die sau,ge
die verarsche,ge
dödel,ge
donnerwetter,ge
dreckige hure,ge
drecksack,ge
drecksau,ge
dreckskerl,ge
drecksnest,ge
du bastard,ge
du blöde kuh,ge
du fickfehler,ge
du hurensohn,ge
du Hurensohn,ge
du kannst mich mal,ge
du sau,ge
du schwein,ge
du weichei,ge
dummbatz,ge
dumme,ge
dumme kuh,ge
dumme nuss,ge
dummkopf,ge
dumpfbacke,ge
erarschen,ge
fahr zur holle,ge
feigling,ge
fick,ge
fick deine mutter,ge
fick dich,ge
fick dich arschloch,ge
fick dich in knie,ge
ficke,ge
ficken,ge
ficker,ge
filzlaus,ge
flachwichser,ge
flittchen,ge
fotze,ge
fratze,ge
geh zum teufel,ge
gottverdammt,ge
hackfresse,ge
halt deinen mund,ge
halt die fotze,ge
halt die klappe,ge
hat jemand dir ins gehirn geschissen,ge
hirnrissig,ge
homo,ge
hosenscheisser,ge
huhrensohn,ge
hure,ge
huren,ge
huren sohn,ge
hurensohn,ge
ich ficke deine mutter,ge
ich ficke deine schwester,ge
ich hasse dich,ge
ich will dich ficken,ge
ich will ficken,ge
idiot,ge
ische,ge
kackbratze,ge
kacke,ge
kacken,ge
kackwurst,ge
kampflesbe,ge
kanake,ge
kimme,ge
klugscheißer,ge
küss meinen arsch,ge
küss meinen arsch,ge
lech mien arsch,ge
leck mich,ge
leck mich am arsch,ge
lesbe,ge
lick,ge
lms,ge
lümmel,ge
lusche,ge
lutsch mein’ schwanz,ge
lutsch’ meine eier,ge
lutschen,ge
milf,ge
mist,ge
miststück,ge
möpse,ge
morgenlatte,ge
möse,ge
mufti,ge
muschi,ge
muschi lecker,ge
mutterficker,ge
nackt,ge
neger,ge
nigger,ge
nippel,ge
nutte,ge
ohne scheiß,ge
onanieren,ge
orgasmus,ge
penis,ge
penner,ge
pimmel,ge
pimpern,ge
pinkeln,ge
pisse,ge
pissen,ge
pisser,ge
popel,ge
poppen,ge
porno,ge
puff,ge
quatsch,ge
reudig,ge
rosette,ge
saugen,ge
schabracke,ge
scheiss,ge
scheissdreck,ge
scheisse,ge
scheiße,ge
scheissekopf,ge
scheissen,ge
scheisser,ge
scheisskerl,ge
scheisskopf,ge
schiesser,ge
schlampe,ge
schnackeln,ge
schnoodle noodle,ge
schwanz,ge
schwanzlutscher,ge
schweinebacke,ge
schweinehund,ge
schwuchtel,ge
schwuchtl,ge
shaisa,ge
sheisse,ge
sohn einer hündin,ge
spasti,ge
spießig,ge
spinnen,ge
spinner,ge
spinnst,ge
teufel,ge
tittchen,ge
titten,ge
trottel,ge
verdammt,ge
verdammte scheiße,ge
verdammter,ge
verdammter Scheiß,ge
verfluchter,ge
verpiss dich,ge
verrückter mann,ge
vögeln,ge
vollidiot,ge
vollpfosten,ge
vollscheißen,ge
volltrottel,ge
was zum teufel,ge
was zur hölle,ge
weichei,ge
wichse,ge
wichsen,ge
wichser,ge
witzbold,ge
zicke,ge
zur holle mit dir,ge
a fanabla,it
a pecorina,it
abcdiet,it
accidenti,it
accidenti ,it
affanculo,it
alla cazzo di cane,it
alla pecorina,it
allupato,it
amico del cazzo,it
ammucchiata,it
anabootcampdiet,it
anale,it
andare a puttane,it
arrapato,it
arrusa,it
arruso,it
assatanato,it
avere la faccia come il culo,it
avere un culo così grande,it
bacha ma culo,it
bafangu chooch,it
bagasce,it
bagascia,it
bagascione,it
bagassa,it
bagnarsi,it
baldracca,it
baldraccacce,it
baldraccaccia,it
baldracche,it
baldraccona,it
baldraccone,it
balle,it
bariledimerda,it
bastardacce,it
bastardacci,it
bastardaccia,it
bastardaccio,it
bastardamadonna,it
bastarde,it
bastardi,it
bastardo,it
bastardona,it
bastardone,it
bastardoni,it
battere,it
battona,it
battone,it
bbwpit,it
belino,it
biga,it
bimbominkia,it
bocchinara,it
bocchinare,it
bocchinari,it
bocchinaro,it
bocchini,it
bocchino,it
bofilo,it
boiata,it
bordello,it
brinca,it
brutto cornuto,it
brutto figlio di puttana bastardo,it
brutto stronzo,it
bucaiolo,it
budellodidio,it
budiùlo,it
buona donna,it
busone,it
bustadipiscio,it
cacaminchia,it
cacare,it
cacasotto,it
cacata,it
cacca,it
caciocappella,it
cadavere,it
cagacazzo,it
cagaminchia,it
cagare,it
cagasotto,it
cagata,it
cagna,it
cammello,it
canacciodidio,it
canagliadidio,it
caned'allah,it
caned'eva,it
canedidio,it
cappella,it
carciofo,it
carità,it
carogna,it
caronya,it
casci,it
cavolate,it
cavolo,it
cazzacci,it
cazzaccio,it
cazzaro,it
cazzata,it
cazzate,it
cazzetti,it
cazzetto,it
cazzi,it
cazzimma,it
cazzissimo,it
cazzo,it
cazzo di merda,it
cazzo in culo,it
cazzo madre di dio,it
cazzo si,it
cazzona,it
cazzone,it
cazzoni,it
cazzuta,it
cazzute,it
cazzuti,it
cazzutissimo,it
cazzuto,it
ce l’hai piccolo,it
ce un cibirut,it
cesso,it
che cavolo,it
che cavolo.,it
che cazzo,it
che cazzo fai?,it
che cazzo ne so,it
che culo,it
che due coglioni,it
che due palle,it
che palle,it
che te pozzino ammazza,it
checca,it
checche,it
chi cazzo sei tu?,it
chiappa,it
chiavare,it
chiavata,it
chiavate,it
chiavatona,it
chiavatone,it
chissenefrega,it
chissenefrega?,it
ci sei cascato come una pirla,it
ciolla,it
ciolle,it
ciornia,it
ciospo,it
ciucciamelo,it
ciucciami il cazzo,it
ciucciapalle,it
cogliona,it
coglionaggine,it
coglionare,it
coglionata,it
coglionate,it
coglionatore,it
coglionatrice,it
coglionatura,it
coglionature,it
coglionazzi,it
coglionazzo,it
coglioncelli,it
coglioncello,it
coglioncini,it
coglioncino,it
coglione,it
coglioneria,it
coglionerie,it
coglioni,it
col cavolo,it
coprofago,it
coprofilo,it
cornuti,it
cornuto,it
cornutoilpapa,it
cozza,it
cozzo,it
credoana,it
cretinetti,it
cretino,it
cristod'undio,it
cristodecapitato,it
cristoincroce,it
culattina,it
culattone,it
culattoni,it
culi,it
culo,it
culona,it
culone,it
curnut,it
dare un calcio nel culo a qualcuno,it
deficiente,it
di merda,it
dietaabc,it
dietaana,it
dietaanabootcamp,it
dietabootcamp,it
dietadell'abc,it
dio bastardo,it
dio boia,it
dio cane,it
dio cangurello,it
dio dannato,it
dio fa,it
dio Fottuto,it
dio infame,it
dio lupo,it
dio maiale,it
dio merda,it
dio merdoso,it
dio mona,it
dio poj,it
dio povero,it
dio santo,it
dio schifoso,it
dio serpente,it
dio sorcio,it
dio stronzo,it
dio verme,it
dio zozzo,it
diobastardo,it
diobestia,it
diobestiazza,it
dioboia,it
diocan,it
diocane,it
diocannaiolo,it
diocapra,it
diocoglione,it
diocomunista,it
diocrasto,it
diocristo,it
dioculattone,it
diofarabutto,it
diofascista,it
diofinocchio,it
dioflagellato,it
dioimpestato,it
dioimpiccato,it
dioladro,it
diolebbroso,it
diolobotomizzato,it
diolurido,it
diomaiale,it
diomaledetto,it
diomerda,it
diominchione,it
dionegro,it
dioporco,it
diopoveraccio,it
diopovero,it
diorotto,it
diorottoinculo,it
diorutto,it
diosbudellato,it
dioschifoso,it
dioseppellito,it
dioserpente,it
diostracane,it
diostramerda,it
diostronzo,it
diosventrato,it
dioverme,it
ditalini,it
ditalino,it
dito al,it
dove cazzo vai?,it
duro,it
e che cazzo,it
essere un culo,it
fa cagare,it
fa schifo,it
faccia a culo,it
faccia di culo,it
faccia di merda,it
facciadaculo,it
facciadimerda,it
fanculo,it
fare una sega,it
fare unaŠ,it
fatti i cazzi tuoi,it
fatti una pugnetta,it
fava,it
femminuccia,it
fica,it
ficata,it
ficate,it
fiche,it
fichetta,it
fichette,it
fichetti,it
fichetto,it
ficona,it
ficone,it
figa,it
figata,it
figate,it
fighe,it
fighetta,it
fighette,it
fighetti,it
fighetto,it
figliadicane,it
figliadimignotta,it
figliadiputtana,it
figliaditroia,it
figlidicani,it
figlidimignotta,it
figlidiputtana,it
figliditroia,it
figliedicani,it
figliedimignotta,it
figliediputtana,it
figlieditroia,it
figlio di buona donna,it
figlio di mignotta,it
figlio di puttana,it
figlio di troia,it
figlio un cane,it
figliodicane,it
figliodimignotta,it
figliodiputtana,it
figlioditroia,it
figona,it
figone,it
figoni,it
figura di merda,it
finocchi,it
finocchio,it
fongoul,it
formaggio,it
fottere,it
fottersi,it
fottiti,it
fottuta,it
fottute,it
fottuti,it
fottutissima,it
fottutissime,it
fottutissimi,it
fottutissimo,it
fottuto,it
fracicone,it
frega un cazzo,it
fregna,it
frocetto,it
froci,it
frociara,it
frociaro,it
frociarola,it
frociarolo,it
frocio,it
frocione,it
frocioni,it
frocissimo,it
froscio,it
fucker,it
fumato il cervello,it
fuori come un balcone,it
garibaldi,it
gesùcristaccio,it
gesùesorcizzato,it
gesùhandicappato,it
gesùimpasticcato,it
gesùmalandato,it
gesùradioattivo,it
gesùsieropositivo,it
gesùstordito,it
gesùzozzo,it
gnocca,it
gnocche,it
goldone,it
gran’ disgraziato,it
grilletto,it
guanto,it
guardone,it
heyyyyy,it
i coglioni,it
incazzare,it
incazzarsi,it
incazzata,it
incazzate,it
incazzati,it
incazzatissima,it
incazzatissime,it
incazzatissimi,it
incazzatissimo,it
incazzato,it
incazzato nero,it
incoglionirsi,it
inculare,it
inculata,it
inculate,it
infrociato,it
ingoio,it
intro culo di mammata,it
ir budello di tu ma’,it
l'arte bolognese,it
latrin,it
leccacazzi,it
leccaculi,it
leccaculo,it
leccafica,it
leccafiga,it
leccafighe,it
leccami il culo,it
leccami la figa,it
leccapalle,it
lecchino,it
levati dai coglioni,it
li mortacci tua,it
lofare,it
loffa,it
loffare,it
lui è proprio un bischero,it
lui è un coglione,it
lumaca,it
ma’ va te ne a fanculo,it
Madonna,it
Madonna avvelenata,it
Madonna bastarda,it
Madonna bocchinara,it
Madonna impalata,it
Madonna infiammata,it
Madonna maiala,it
Madonna mignotta,it
Madonna puttana,it
madonna santa,it
Madonna schifosa,it
Madonna strega,it
Madonna svergognata,it
Madonna troia,it
Madonna zoccola,it
madonnaassassinata,it
madonnacane,it
madonnaimpestata,it
madonnaisterica,it
madonnalurida,it
madonnamaiala,it
madonnamongoloide,it
madonnanegra,it
madonnaputtana,it
madonnaschiava,it
madonnastregaccia,it
madonnasudicia,it
madonnasuicida,it
madonnasurgelata,it
madonnatroia,it
madonnaviolentata,it
mafankulo,it
maiala,it
manache,it
mangia la minchia,it
mangia merda,it
mangia merde e morte,it
manico,it
mannaggia,it
mannaggia tua,it
mannaggiacristo,it
mannaggiadio,it
mannaggiailbattesimo,it
mannaggiailclero,it
mannaggiaisanti,it
mannaggial'arcangelo,it
mannaggialabibbia,it
mannaggialadiocesi,it
mannaggialamadonna,it
mannaggialaputtana,it
mannaggiapadrepio,it
mannaggiasangiuseppe,it
merda,it
merdacce,it
merdaccia,it
merdamalcagata,it
merdata,it
merdate,it
merde,it
merdina,it
merdine,it
merdolina,it
merdoline,it
merdona,it
merdone,it
merdosa,it
merdose,it
merdosi,it
merdoso,it
mezza sega,it
mezzasega,it
mezzeseghe,it
mi stai facendo incazzare,it
micio,it
mignotta,it
mignotte,it
minchia,it
minchiadura,it
minchiaduro,it
minchiata,it
minchiate,it
minchie,it
minchione,it
minchioni,it
miserabili pezzo di merda,it
mona,it
mone,it
mongoloide,it
monta,it
montare,it
mortacci tua,it
mussa,it
nave scuola,it
negra,it
negraccia,it
negraccio,it
negro,it
negrona,it
negrone,it
nel culo,it
nerchia,it
nessuno mi unfungulo,it
non hai capito una sega,it
non me ne importa,it
non mi rompere i coglioni,it
nudo,it
oddio,it
padulo,it
palle,it
palloso,it
patacca,it
patonza,it
patonze,it
pecorina,it
perché cazzo non mi rispondi?,it
pesce,it
pezzo di merda,it
picio,it
pigliacazzi,it
pigliainculo,it
pincare,it
pinnolone,it
pipa,it
pipì,it
pippone,it
pirla,it
pisciare,it
pisciasotto,it
pisciata,it
pisciatina,it
pisciato,it
pisciatona,it
piscio,it
pisciona,it
piscione,it
piscioni,it
pisello,it
pistola,it
pistolotto,it
pomiciare,it
pompa,it
pompinara,it
pompinare,it
pompinari,it
pompinaro,it
pompini,it
pompino,it
porca,it
porca madonna,it
porca miseria,it
porca paletta,it
porca puttana,it
porca troia,it
porca vacca,it
porcamadonna,it
porcaputtana,it
porco,it
porco cane,it
porco dio,it
porco due,it
porco giuda,it
porco Iddio,it
porco zio,it
porcodidio,it
porcodio,it
porcoilclero,it
porcoilsignore,it
posso leccare il tua figa?,it
potta,it
prendere per il culo,it
prete,it
pro-ana,it
pro-anoressia,it
pro-bulimia,it
pro-ed,it
pro-ednos,it
pro-mia,it
proana,it
proanoressia,it
probulimia,it
proed,it
proednos,it
promia,it
pugnetta,it
pugnette,it
puppa,it
puppamela,it
puppamelo,it
puppami,it
puppare,it
puppe,it
puttana,it
puttana la Madonna,it
puttanacce,it
puttanaccia,it
puttanaeva,it
puttanaio,it
puttanamadonna,it
puttanata,it
puttanate,it
puttane,it
puttanella,it
puttanelle,it
puttaniere,it
puttanieri,it
puttano,it
puttanona,it
puttanone,it
quaglia,it
quando cazzo torni?,it
raspone,it
rasponi,it
recchione,it
regina,it
ricchione,it
ricchioni,it
rincoglionire,it
rincoglionito,it
rizzacazzi,it
rizzarsi,it
rompere i miei coglioni,it
rompere il culo a qualcuno,it
rompiballe,it
rompicazzi,it
rompicazzo,it
rompicoglioni,it
rompipalle,it
rotta in culo,it
rottinculo,it
rotto nel culo,it
ruffiano,it
santo cazzo madre di cristo,it
sbattere,it
sbattersi,it
sbocchinare,it
sbocchinato,it
sbocchiniamolo,it
sbora,it
sborra,it
sborrare,it
sborrata,it
sborrate,it
sborrato,it
sborratona,it
sborro,it
sborrone,it
sbrodolata,it
sburra,it
sburrare,it
sburro,it
scassacazzo,it
scassacoglioni,it
scassaminchia,it
scazzare,it
scazzata,it
scazzate,it
scazzati,it
scazzato,it
schifoso,it
scopare,it
scopata,it
scopate,it
scoregge,it
scoreggia,it
scorreggiare,it
scungio,it
secchione,it
sega,it
segaiolo,it
segars,it
seghe,it
segone,it
sei diventato pazza?,it
sei diventato pazzo?,it
sei duro come il muro,it
sei impazzita?,it
sei impazzito?,it
sei pazza?,it
sei pazzo?,it
sei scemo,it
sei stupido,it
sei un cretino,it
sei un deficiente,it
sei un idiota,it
sei un rompicoglioni,it
sei una sfigata,it
sei una testa di cazzo,it
sei uno stronzo,it
sembri un peni,it
sfacim e merde,it
sfiga,it
sfigati,it
sfigato,it
signorebastardo,it
slinguare,it
slinguata,it
smandrappata,it
smerdare,it
soccia,it
socmel,it
sorca,it
spagnola,it
spompinare,it
spompinata,it
spompinato,it
spompiniamolo,it
sputtanare,it
sta puttana,it
sti cazza,it
sticchio,it
stronza,it
stronzata,it
stronzate,it
stronzetta,it
stronzette,it
stronzetti,it
stronzetto,it
stronzi,it
stronzina,it
stronzine,it
stronzini,it
stronzino,it
stronzino/a,it
stronzo,it
stronzo/a,it
stronzoli,it
stronzolo,it
stronzomalcagato,it
stronzona,it
stronzone,it
stronzoni,it
strunzo,it
suca!,it
succhiacazzi,it
succhiamelo,it
succhiami,it
succhiaminchia,it
succhiapalle,it
succhione,it
sveltina,it
sverginare,it
tarzanelli,it
tarzanello,it
tenere qualcuno per le palle,it
terrone,it
testa di cazzo,it
testa di cazzo.,it
testa di minchia,it
tetta,it
tette,it
tettina,it
tettine,it
tettona,it
tettone,it
thinspiration,it
thinspo,it
ti ammazzo,it
ti corro in culo,it
ti sei bevuto,it
tirare,it
topa,it
troia,it
troiacce,it
troiaccia,it
troiamadonna,it
troie,it
troietta,it
troiette,it
troio,it
troiona,it
troioncella,it
troioncelle,it
troione,it
trombare,it
trombata,it
trombatona,it
tu ma’ piscia in piedi,it
tu piezza di merda,it
tua mamma bocchinara,it
uccello,it
un pompino,it
va’ a cacare,it
va’ a farti fottere,it
vacca,it
vaccamadonna,it
vada a bordo,it
vaffanculo,it
vaffanculo a chi t'è morto,it
vaffonculo,it
vai a cacare,it
vai a cagare,it
vai a farti fottere,it
"vai a farti fottere, puttana",it
vai a quel paese,it
Vai a vendere il culo,it
vai all’inferno,it
vangare,it
vattela a pigliare in culo,it
venire,it
zinne,it
zio cantante,it
zoccola,it
zoccole,it
zuia,it
a tomar por culo,sp
a tomar por saco,sp
anda a cagar,sp
apestar,sp
bastardo,sp
basura,sp
bicho,sp
burro,sp
cabron,sp
cabrón,sp
cacorro,sp
cagar,sp
calientapollas,sp
capullo,sp
cara de culo,sp
cara de monda,sp
carajo,sp
chancla (México),sp
chapero,sp
chichi,sp
chimba,sp
chingar,sp
chocho,sp
chúpame la pija,sp
chúpame la polla,sp
chúpamedias,sp
chúpamela,sp
chupar,sp
cipote,sp
coger,sp
cojonazos,sp
cojones,sp
come mierda y muere,sp
coño,sp
culiao,sp
culo,sp
de puta madre,sp
estúpido,sp
follar,sp
forro,sp
gilipollas,sp
gonorrea,sp
guarra,sp
hijo de perra,sp
hijo de puta,sp
hijueputa,sp
hostia,sp
huevo,sp
huevón,sp
huevos,sp
idiota,sp
imbécil,sp
jode,sp
joder,sp
joder ,sp
jódete,sp
joto,sp
la concha de tu madre,sp
la hostia,sp
la madre que te parió,sp
lame botas,sp
loco,sp
los cojones,sp
maldito,sp
malparido,sp
mamahuevo,sp
mamón,sp
marica,sp
maricon,sp
maricón,sp
mariconazo,sp
mariquita,sp
me cago en la hostia,sp
me cago en ti,sp
métetelo por el culo,sp
mierda,sp
mongolo,sp
nabo,sp
no me jodas,sp
no me jodás,sp
no seas gilipollas,sp
pajero,sp
payaso,sp
pelos de los huevos,sp
pelotas,sp
pelotudo,sp
pendejo,sp
percanta,sp
perro,sp
pichacorta,sp
pinche,sp
piruja,sp
polla,sp
pollas en vinagre,sp
puta,sp
Puta madre,sp
puto,sp
qué cabrón,sp
que te den,sp
que te jodan,sp
qué te jodan,sp
rabo,sp
raja,sp
soplapollas,sp
tarado,sp
tonto,sp
tonto del culo,sp
tontopollas,sp
trompada,sp
un putero,sp
verga,sp
vete a la mierda,sp
vete a la verga,sp
vete al demonio,sp
vete al infierno,sp
zorra,sp
zunga,sp
13点,ch
三八,ch
三级片,ch
三陪小姐,ch
下三烂,ch
下老子一跳,ch
下贱,ch
不要屄脸,ch
不要屄臉,ch
不要脸,ch
不要脸的东西,ch
不要臉,ch
不要臉的東西,ch
丧心病狂,ch
个屁,ch
个老子的,ch
九游,ch
书呆子,ch
乳,ch
乳交,ch
乳头,ch
乳房,ch
乳波臀浪,ch
乳臭未乾,ch
乳臭未干,ch
二奶,ch
二屄,ch
二把刀,ch
二百五,ch
五打一,ch
交配,ch
人妖,ch
人渣,ch
什么鸟,ch
什麼鳥,ch
仆街,ch
从我面前消失,ch
他奶奶,ch
他奶奶的,ch
他奶娘的,ch
他妈,ch
他妈ㄉ王八蛋,ch
他妈地,ch
他妈巴子,ch
他妈的,ch
他妈的鸟,ch
他娘,ch
他媽巴子,ch
他媽的,ch
他媽的鳥,ch
他马的,ch
低三下四,ch
你不是东西,ch
你不是人,ch
你不是東西,ch
你个傻比,ch
你个狗屁,ch
你丫挺的,ch
你丫欠揍,ch
你二大爷的,ch
你他妈的去死吧,ch
你他妈的看什么,ch
你他马的,ch
你以为你在跟谁说话,ch
你以为你是谁,ch
你会后悔的,ch
你個狗屁,ch
你全家,ch
你在講什麽屁話,ch
你在講什麽鳥話,ch
你在讲什么屁话,ch
你在讲说什么鸟话,ch
你奶奶的,ch
你她马的,ch
你妈,ch
你妈的,ch
你妈的屄,ch
你娘,ch
你娘卡好,ch
你娘咧,ch
你媽的屄,ch
你它妈的,ch
你它马的,ch
你怎么回事,ch
你是个混球,ch
你是什么东西,ch
你是什麽東西,ch
你是鸡,ch
你是鸭,ch
你有病啊,ch
你疯了吗,ch
你的脑子进水啊,ch
你真二,ch
你真是一个废物,ch
你真烦人,ch
你真让我恶心,ch
你給我滾,ch
你给我滚,ch
你老味,ch
你老母,ch
你老闆,ch
你马的,ch
倒蛋,ch
假阴茎,ch
假陰莖,ch
做小姐,ch
做爱,ch
傻子,ch
傻屄,ch
傻比,ch
傻瓜,ch
傻缺,ch
傻逼,ch
入,ch
公公,ch
公共汽車,ch
公共汽车,ch
关你屁事,ch
关我屁事,ch
关我鸟事,ch
其言粪土也,ch
具具,ch
册那,ch
冚家拎,ch
冚家鏟,ch
军妓,ch
几八,ch
几叭,ch
几巴,ch
几芭,ch
刚度,ch
刚瘪三,ch
别再浪费我的时间了,ch
别找借口,ch
别烦我,ch
别跟我胡扯,ch
别那样和我说话,ch
包皮,ch
十三点,ch
半瓶子醋,ch
卖B,ch
卖比,ch
卖淫,ch
卖豆腐,ch
卵,ch
卵子,ch
去你奶奶的,ch
去你妈的,ch
去你媽的,ch
去你的,ch
去吃大便,ch
去死,ch
双峰微颤,ch
发格,ch
发疯,ch
变态,ch
口交,ch
口肯,ch
叫你生孩子沒屁股眼,ch
叫你生孩子没屁股眼,ch
叫你生孩子长痔疮,ch
叫床,ch
吃屄,ch
吃屎,ch
吃豆腐,ch
吃飽飯沒事干,ch
吃饱了撑的,ch
吊,ch
吊茶包,ch
后庭,ch
吹功,ch
吹牛逼,ch
吹箫,ch
吹蕭,ch
呆子,ch
呆瓜,ch
咪咪,ch
咬,ch
咸家伶,ch
咸家鏟,ch
品玉,ch
哈巴狗,ch
哈棒,ch
喜憨,ch
嘿咻,ch
坏蛋,ch
塞你公,ch
塞你娘,ch
塞你母,ch
塞你爸,ch
塞你老师,ch
塞你老母,ch
壞蛋,ch
处女,ch
外阴,ch
大卵子,ch
大卵泡,ch
大姨妈,ch
大姨媽,ch
大脑进水,ch
大豆腐,ch
大魔头,ch
大鸡巴,ch
太平公主,ch
太监,ch
女气,ch
女氣,ch
奶,ch
奶奶,ch
奶奶的熊,ch
奶子,ch
奸,ch
奸你,ch
她妈地,ch
她妈的,ch
她马的,ch
妈B,ch
妈个B,ch
妈个比,ch
妈个老比,ch
妈妈的,ch
妈比,ch
妈的,ch
妈的B,ch
妈逼,ch
妓,ch
妓女,ch
妓院,ch
妖怪,ch
妖精,ch
妳她妈的,ch
妳妈的,ch
妳娘的,ch
妳老母的,ch
妳马的,ch
姘头,ch
姣西,ch
姥姥,ch
姦,ch
娘个比,ch
娘娘腔,ch
娘炮,ch
娘的,ch
娼妇,ch
婊子,ch
婊子养的,ch
嫖娼,ch
嫖客,ch
孬种,ch
孬種,ch
它妈地,ch
它妈的,ch
密洞,ch
射你,ch
射精,ch
小三,ch
小乳头,ch
小兔崽子,ch
小卵子,ch
小卵泡,ch
小太太,ch
小妹妹,ch
小姐,ch
小弟弟,ch
小样了吧,ch
小气鬼,ch
小瘪三,ch
小老婆,ch
小肉粒,ch
小蜜,ch
小骚比,ch
小骚货,ch
小鬼,ch
小鳥,ch
小鸟,ch
小鸡巴,ch
小鸡鸡,ch
尻,ch
屁事,ch
屁头,ch
屁眼,ch
屁精,ch
屁股,ch
屁話,ch
屁话,ch
屄,ch
屌,ch
屌丝,ch
屌絲,ch
屎忽,ch
屎蛋,ch
屎㞎㞎,ch
崇洋媚外,ch
巨乳,ch
干,ch
干x娘,ch
干七八,ch
干你,ch
干你妈,ch
干你娘,ch
干你小BK的,ch
干你老母,ch
干你良,ch
干妳妈,ch
干妳娘,ch
干妳老母,ch
干妳马,ch
干您娘,ch
干机掰,ch
干死CS,ch
干死GM,ch
干死你,ch
干死客服,ch
幹,ch
幹你娘,ch
幹你媽,ch
幹你老母,ch
废,ch
废人,ch
废物,ch
废话,ch
廢,ch
廢人,ch
廢物,ch
廢話,ch
強姦,ch
强奸,ch
强奸你,ch
德棍,ch
忘八,ch
性,ch
性交,ch
性器,ch
性无能,ch
性爱,ch
恐龙,ch
恶棍,ch
情色,ch
惡棍,ch
想上你,ch
懆您妈,ch
懆您娘,ch
懒8,ch
懒八,ch
懒叫,ch
懒教,ch
成人,ch
我呸,ch
我操你祖宗十八代,ch
我的天啊,ch
我真后悔这辈子遇到你,ch
我肏,ch
我都腻了,ch
我靠,ch
我靠 or 我尻,ch
我鳥他的,ch
我鳥你,ch
我鸟他的,ch
我鸟你,ch
戴綠帽子,ch
戴绿帽子,ch
扒光,ch
打回合,ch
打手枪,ch
打手槍,ch
打炮,ch
打第三回合,ch
打飛機,ch
打飞机,ch
扯蛋,ch
找死,ch
抽插,ch
拍马屁,ch
招妓,ch
招贬,ch
指交,ch
按摩棒,ch
捋管,ch
捋管儿,ch
捣蛋,ch
插,ch
插你,ch
插死你,ch
搗蛋,ch
搞,ch
撒尿,ch
撚,ch
撸管,ch
操,ch
操你,ch
操你全家,ch
操你奶奶,ch
操你妈,ch
操你娘,ch
操你媽,ch
操你祖宗,ch
操你老妈,ch
操你老母,ch
操妳,ch
操妳全家,ch
操妳妈,ch
操妳娘,ch
操妳祖宗,ch
操机掰,ch
操比,ch
操逼,ch
擼管,ch
放你妈的屁,ch
放你妈的狗屁,ch
放你妈的狗臭屁,ch
放你媽的屁,ch
放你媽的狗屁,ch
放你媽的狗臭屁,ch
放屁,ch
放荡,ch
无用,ch
日他娘,ch
日你,ch
日你妈,ch
日你老娘,ch
日你老母,ch
日批,ch
昏蛋,ch
智力障碍,ch
智力障礙,ch
智障,ch
書呆子,ch
月经,ch
有屁快放,ch
有屁用,ch
有話快說,ch
机八,ch
机巴,ch
机机歪歪,ch
杀人不眨眼,ch
杂种,ch
柒,ch
桃花園,ch
死三八,ch
死不要脸,ch
死不要臉,ch
死丫頭,ch
死屁眼,ch
死鬼,ch
残废,ch
殘廢,ch
母夜叉,ch
母老虎,ch
毒龍鑽,ch
毒龙钻,ch
比,ch
水货,ch
沒屁股眼,ch
沒用,ch
没屁用,ch
没屁股眼,ch
没长眼啊,ch
没门儿,ch
波霸,ch
泰國人妖,ch
洗面奶,ch
流氓,ch
浑蛋,ch
浪叫,ch
淫,ch
淫乱,ch
淫妇,ch
淫棍,ch
淫水,ch
淫秽,ch
淫荡,ch
淫蟲,ch
淫西,ch
深喉,ch
混球,ch
混蛋,ch
混賬,ch
混賬王八蛋,ch
混账,ch
混账王八蛋,ch
渾蛋,ch
湿透的内裤,ch
滚你妈屄,ch
滚你妈的蛋,ch
滚开,ch
滚犊子,ch
滚蛋,ch
滾你媽屄,ch
滾你媽的蛋,ch
滾犢子,ch
滾蛋,ch
滾開,ch
潮吹,ch
激情,ch
灨你娘,ch
火眼邪神,ch
炒飯,ch
炒饭,ch
烂屄,ch
烂货,ch
烂逼,ch
無用,ch
無頭蒼蠅,ch
爆乳,ch
爆菊花,ch
爛,ch
爛屄,ch
牛屄,ch
牛逼,ch
犯贱,ch
狐狸精,ch
狗娘养的,ch
狗娘養的,ch
狗屁,ch
狗屁不通,ch
狗屎堆,ch
狗崽子/狗仔子,ch
狗日,ch
狗日的,ch
狗杂种,ch
狗狼养的,ch
狗腿子,ch
狗雜種,ch
玉杵,ch
王八),ch
王八旦,ch
王八羔子,ch
王八蛋,ch
玩老二,ch
珍珠項鍊,ch
珍珠项炼,ch
瓜娃子,ch
瓜婆娘,ch
瓜批,ch
男人婆,ch
畜生,ch
瘟神,ch
瘪三,ch
瘸子,ch
發瘋,ch
白烂,ch
白痴,ch
白癡,ch
白目,ch
瞎子,ch
瞎鸡巴扯,ch
瞧不起,ch
硬膠,ch
祖宗,ch
神棍,ch
神經病,ch
神经病,ch
神经衰弱,ch
福壽,ch
福寿,ch
禽兽,ch
禽兽不如,ch
私服,ch
穷光蛋,ch
窝囊废,ch
窩囊廢,ch
窮光蛋,ch
笨實,ch
笨蛋,ch
米田共,ch
粉腸,ch
精子,ch
糊涂虫,ch
糊涂蛋,ch
老不死的—,ch
老二,ch
老味,ch
老太婆,ch
老头子,ch
老妖婆,ch
老嫖,ch
老母,ch
老瘪三,ch
老而不死,ch
老賊,ch
老頭子,ch
老顽固,ch
老骚比,ch
老骚货,ch
聋子,ch
聾子,ch
肉壁,ch
肉棍子,ch
肉棒,ch
肉缝,ch
肏,ch
肏你妈,ch
肏你妈的屄,ch
肏你娘,ch
肏你媽,ch
肏你媽的屄,ch
肏你祖宗十八代,ch
肏口,ch
肛交,ch
肥西,ch
胆小鬼,ch
胯下物,ch
脑残,ch
腦殘,ch
自閉,ch
自闭,ch
臭三八,ch
臭婊子,ch
臭屄,ch
舔肛,ch
舔阴,ch
舔陰,ch
航空母舰,ch
航空母艦,ch
良心被狗吃了,ch
色情,ch
色狼,ch
色鬼,ch
花柳,ch
花花公子,ch
荡妇,ch
蠢蛋,ch
蠢豬,ch
蠢驢,ch
装屄,ch
裝屄,ch
要爱,ch
見伍姑娘,ch
见五姑娘,ch
該死,ch
論他媽的,ch
變態,ch
该死,ch
賣豆腐,ch
賤,ch
賤貨,ch
賭棍,ch
贝肉,ch
账,ch
贱B,ch
贱人,ch
贱女人,ch
贱货,ch
贼你妈,ch
赌棍,ch
赛你老母,ch
赛妳阿母,ch
赣您娘,ch
走狗,ch
跛子,ch
跟屁蟲,ch
躝癱,ch
轮奸,ch
迷药,ch
逼,ch
逼样,ch
那是你的问题,ch
那活儿,ch
那活兒,ch
酒鬼,ch
醉鬼,ch
野鸡,ch
閪,ch
關我鳥事,ch
闭嘴,ch
阳具,ch
阳萎,ch
阴唇,ch
阴户,ch
阴户口交,ch
阴核,ch
阴毛,ch
阴茎,ch
阴道,ch
阴部,ch
陰戶,ch
陰戶口交,ch
陰莖,ch
陰道,ch
雜種,ch
雞姦,ch
雞巴,ch
雞白,ch
雞雞,ch
靠北,ch
靠母,ch
靠爸,ch
靠背,ch
靠腰,ch
面肏,ch
顏面騎乘,ch
颜面骑乘,ch
飛機場,ch
飞机场,ch
飯桶,ch
饅頭,ch
饭桶,ch
馒头,ch
馬子,ch
騷屄,ch
騷貨,ch
马子,ch
马屁精,ch
马马虎虎,ch
驶你公,ch
驶你娘,ch
驶你母,ch
驶你爸,ch
驶你老师,ch
驶你老母,ch
骚屄,ch
骚比,ch
骚货,ch
骚逼,ch
高潮,ch
鬼公,ch
鮑魚,ch
鲍鱼,ch
鳥,ch
鳥事,ch
鳥人,ch
鳥話,ch
鳩,ch
鷄巴,ch
鷄鷄,ch
鸟事,ch
鸟人,ch
鸟话,ch
鸡,ch
鸡8,ch
鸡八,ch
鸡叭,ch
鸡吧,ch
鸡奸,ch
鸡姦,ch
鸡巴,ch
鸡白,ch
鸡芭,ch
鸡鸡,ch
鸭,ch
龜兒子,ch
龜孫子,ch
龜頭,ch
龟儿子,ch
龟头,ch
龟孙子,ch
akouka,id
alkohol,id
anak haram,id
anak yatim,id
analex,id
anjing,id
anjink,id
anjir,id
arsundal,id
asu,id
autis,id
azizay,id
babi,id
babi lu,id
bacot,id
bajingan,id
bajingan tengik,id
bakka,id
banci,id
bandar,id
bangke,id
bangsat,id
bawel,id
bebon,id
bedebah,id
bedon,id
beer,id
bego,id
begok,id
bencong,id
Bencong,id
berak,id
bercinta,id
berengsek,id
bersetubuh,id
bestiality,id
betting,id
biadab,id
bispak,id
bitch,id
blo'on,id
blowjob,id
bo’ol,id
bodo,id
bodoh,id
bodooohhh,id
bokep,id
boker,id
bokong,id
borok,id
bot,id
breast,id
brengsek,id
brengsex,id
brengsexxx,id
buah dada,id
buah zakar,id
buaya,id
buaya darat,id
budeg,id
bugil,id
bujang inam,id
Burung,id
cabe lo,id
cabo,id
cacat,id
cacat lu,id
cangcut,id
caper,id
ccookkk,id
cebong,id
celaka,id
celeng,id
celsit,id
centil,id
chealeng,id
chealshit,id
cheleng,id
cheleng tikus,id
chellenk,id
chelshit,id
chleng,id
cilaka,id
cina,id
citikus,id
citykus,id
cium pantat ku,id
cock,id
coitus,id
congek,id
cumi,id
curut,id
dafuq,id
dajal,id
davit monyet,id
dekil,id
dengkulmu,id
detik,id
dodol,id
dongok,id
downline,id
drug,id
drunken,id
dungu,id
ectasy,id
edan,id
eek,id
ejakulasi,id
eneg,id
enti,id
erotic,id
erotis,id
ewe,id
fak,id
fakk,id
fergay,id
fetish,id
foto hot,id
foto panas,id
fuck,id
fuck you,id
galau-galau munyuk,id
ganjen,id
ganyang,id
gay,id
geblek,id
gelandangan,id
gelo,id
gembel,id
gigolo,id
gila,id
goblog,id
goblok,id
goblokk,id
gobloookkkkk,id
grogol grogol,id
grogol grogol munyak,id
guk-guk mu,id
handjob,id
haram jadah,id
heunceut,id
homo,id
homoseksual,id
hot girl,id
hot model,id
hot picture,id
hot video,id
hubungan intim,id
iblis,id
idiot,id
inex,id
intercouse,id
intim,id
itil,id
jablay,id
jahanam,id
jalang,id
jam8an,id
jamban,id
jancok,id
Jancuk,id
jancuk,id
Jangkrik,id
jangkrik,id
jaran,id
Jayus,id
Jayus lo,id
jeber bau tai,id
jelek lu,id
jembel,id
jembut,id
jiancux,id
jijik gua**,id
judi,id
kadal,id
kafir,id
kalempong,id
kamasutra,id
kambing,id
kampret,id
kampungan,id
kancut,id
kanjut,id
kaparat,id
kasian,id
kasiann,id
kasihan,id
katrok,id
kecepirit,id
keledai,id
kentut,id
keparat,id
keperawanan,id
kere,id
klik,id
kolor,id
kondom,id
kontol,id
kontol babi,id
kontol mamakmu,id
kunyuk,id
labia,id
laknat,id
leak,id
lebay,id
lebok,id
lesbian,id
live sex,id
lonte,id
loserfool,id
maaampooos,id
mabuk,id
madura,id
maho,id
makan tai,id
make love,id
maling,id
mamakmu berkontol,id
mampoooos,id
mampos,id
mampus,id
mampuz,id
manasturbo,id
mandul,id
martole,id
masturbasi,id
masturbate,id
matamu,id
mati,id
meki,id
memek,id
memek busuk,id
memex,id
mesum,id
miyabi,id
modar,id
moddar,id
monyet,id
monyong,id
mother fucker,id
muka boros,id
muka plastik,id
muka sange,id
munyuk,id
munyukers,id
munyuuk,id
murahan,id
najis lu,id
najong,id
naked,id
narkoba,id
narkotika,id
nekrofilia,id
ngaceng,id
ngenti,id
ngentot,id
ngepet,id
ngeseks,id
ngewe,id
ngocok,id
njing,id
nono,id
nonok,id
norak,id
nude,id
nyemot,id
nyolot,id
nyuk,id
onani,id
onta,id
oral sex,id
orang kampung,id
orang udik,id
orgasm,id
orgasme,id
otak melayu,id
otak miring,id
otak udang,id
otakmu,id
ozawa,id
paedofilia,id
palaji,id
palkon,id
pantat,id
pantek,id
parafilia,id
payudara,id
pe’a,id
pecun,id
peju,id
pelacur,id
pelakor,id
pele,id
peler,id
pemerkosa,id
pengemis,id
penis,id
pepet,id
perawan,id
perek,id
perkosa,id
playboy,id
porn,id
porno,id
pukimai,id
pukimak,id
pulsa,id
pussy,id
rape,id
raping,id
robot,id
sakit jiwa,id
sampah,id
sarap,id
seks,id
selangkangan,id
self service,id
sempak,id
sendal,id
senggama,id
setan,id
settubuh,id
sex,id
sex toy,id
sexual,id
shit,id
sial,id
sialan,id
sialan lu,id
silit,id
sinting,id
sperma,id
sundal,id
taek,id
taex,id
tahi,id
tahi kucing,id
tai,id
Tai lo,id
taik,id
tampang tua,id
tampol,id
telanjang,id
testicles,id
testis,id
tetek,id
titit,id
tokai,id
tokek belang,id
toket,id
tolo,id
tolol,id
topless,id
tukang bohong,id
ublag,id
udik,id
united,id
vagina,id
video hot,id
video panas,id
virginity,id
vodka,id
vulva,id
xxx,id
zakar,id
zakar kecil,id
zoofilia,id
